{
  "台中市北區館前路1號": null,
  "台北市platform A 網站": null,
  "台中市西區五權西路一段2號": null,
  "新營區中正路23號": null,
  "西區台灣大道二段307號15樓": null,
  "桃園市桃園區": [
    25.0069197,
    121.2883872
  ],
  "台南市安南區長和路一段250號": null,
  "線上活動": [
    25.0014372,
    121.4545246
  ],
  "台東市卑南鄉溫泉村36鄰樂山139號": null,
  "中西區民生路一段157巷41之2號 2F": null,
  "屏東縣瑪家鄉風景104號": null,
  "高雄市鳳山區": [
    22.6157128,
    120.3588686
  ],
  "新北市板橋區文化路一段266號12樓之1": null,
  "彰化縣鹿港鎮復興路485號": null,
  "台南市東區中華東路三段332號": null,
  "南投縣水里鄉": [
    23.8069864,
    120.8544302
  ],
  "澎湖縣馬公市中華路230號": null,
  "新北市五股區五權路1號": null,
  "台中市清水區忠貞路21號": null,
  "南投縣信義鄉": [
    23.6152581,
    120.8847306
  ],
  "彰化縣員林市": [
    23.9494131,
    120.5770411
  ],
  "苗栗縣頭份市": [
    24.6920905,
    120.8927204
  ],
  "無無.": [
    24.9996394,
    121.5611867
  ],
  "台北市": [
    25.0375198,
    121.5636796
  ],
  "台中市中區": [
    24.1383518,
    120.6841817
  ]
}