{
  "台中市北區館前路1號": null,
  "台北市platform A 網站": null,
  "台中市西區五權西路一段2號": null,
  "新營區中正路23號": null,
  "西區台灣大道二段307號15樓": null,
  "桃園市桃園區": [
    25.0069197,
    121.2883872
  ],
  "台南市安南區長和路一段250號": null,
  "線上活動": [
    25.0014372,
    121.4545246
  ],
  "台東市卑南鄉溫泉村36鄰樂山139號": null,
  "中西區民生路一段157巷41之2號 2F": null,
  "屏東縣瑪家鄉風景104號": null,
  "高雄市鳳山區": [
    22.6157128,
    120.3588686
  ],
  "新北市板橋區文化路一段266號12樓之1": null,
  "彰化縣鹿港鎮復興路485號": null,
  "台南市東區中華東路三段332號": null,
  "南投縣水里鄉": [
    23.8069864,
    120.8544302
  ],
  "澎湖縣馬公市中華路230號": null,
  "新北市五股區五權路1號": null,
  "台中市清水區忠貞路21號": null,
  "南投縣信義鄉": [
    23.6152581,
    120.8847306
  ],
  "彰化縣員林市": [
    23.9494131,
    120.5770411
  ],
  "苗栗縣頭份市": [
    24.6920905,
    120.8927204
  ],
  "無無.": [
    24.9996394,
    121.5611867
  ],
  "台北市": [
    25.0375198,
    121.5636796
  ],
  "台中市中區": [
    24.1383518,
    120.6841817
  ],
  "彰化縣彰化市中山路2段500號": null,
  "台中市北區天祥街19號": null,
  "台中市北屯區興安路一段162號": null,
  "高雄市甲仙區": [
    23.0763662,
    120.5816952
  ],
  "新北市金山區西勢湖2號": null,
  "台北市松山區八德路四段72巷16弄1號": null,
  "南投縣魚池鄉": [
    23.8720772,
    120.9170475
  ],
  "彰化縣埔心鄉員鹿路2段332號": null,
  "文山區指南里萬壽路115號": null,
  "彰化縣彰化市陳稜路126號": null,
  "高雄市鹽埕區17鄰真愛路1號": null,
  "台北市松山區市民大道五段99號3樓": null,
  "板橋區": [
    25.0096703,
    121.4590989
  ],
  "大安區和平東路二段134號": null,
  "彰化縣花壇鄉": [
    24.0210152,
    120.5445459
  ],
  "中正區同安街107號": null,
  "台北市大同區保安里大龍街275號": null,
  "高雄市鼓山區馬卡道路329號": null,
  "台南市東區勝利路85號": null,
  "彰化縣鹿港鎮鹿工南四路30號": null,
  "鳳山區三多一路1號": null,
  "潮州街15號（近捷運古亭站）": null,
  "彰化縣鹿港鎮館前街88號": null,
  "桃園市新屋區": [
    24.9716551,
    121.1079101
  ],
  "新竹市東區": [
    24.7846818,
    121.0020084
  ],
  "內湖區瑞光路548巷15號5樓": null,
  "大安區大學里新生南路三段56巷7號2樓": null,
  "花蓮縣壽豐鄉市場1號": null,
  "苗栗縣南庄鄉苗栗縣南庄鄉東河村16鄰向天湖25號": null,
  "香山區中華路五段413巷1號": null,
  "高雄市大樹區": [
    22.6591779,
    120.4252182
  ],
  "蘆洲區三民路178號": null,
  "國家人權博物館白色恐怖綠島園區（台東縣綠島鄉公館村將軍岩20號）": null,
  "信義區市府路1號2樓": null,
  "松山區八德路四段439號": null,
  "宜蘭縣羅東鎮14鄰純精路一段88號": null,
  "宜蘭縣宜蘭市中山路二段426號": null,
  "高雄市鼓山區": [
    22.6619937,
    120.2990513
  ],
  "南投縣埔里鎮": [
    23.9741011,
    120.9799116
  ],
  "350苗栗縣竹南鎮公園路206號": null,
  "金門縣金湖鎮": [
    24.4407764,
    118.4174496
  ],
  "彰化市卦山路18號": null,
  "澎湖縣馬公市民族路22號": null,
  "彰化縣鹿港鎮": [
    24.0844564,
    120.4851597
  ],
  "高雄市林園區": [
    22.507904,
    120.39495
  ],
  "礁溪鄉北門巷39號": null,
  "台北市中正區忠孝西路一段70號": null,
  "大安區忠孝東路四段219號": null,
  "南投縣南投市": [
    23.9226779,
    120.6719686
  ],
  "台北市內湖區新湖二路146巷18號": null,
  "高雄市新興區": [
    22.6341968,
    120.3130515
  ],
  "澎湖縣馬公市新生路327號": null,
  "埔里鎮中台路6號": null,
  "桃園市中壢區": [
    25.0118149,
    121.2137198
  ],
  "台北市大安區辛亥路二段29號": null,
  "彰化縣彰化市卦山路18號": null,
  "中正區羅斯福路四段40巷1-2號一樓": null,
  "彰化縣彰化市南校街135號": null,
  "彰化縣溪湖鎮彰水路二段762號": null,
  "澎湖縣馬公市治平路30號": null,
  "屏東縣屏東市菸廠路1號": null,
  "霧台鄉魯凱街200號(長治大愛園區內)": null,
  "大同區承德路三段131號": null,
  "苗栗縣造橋鄉14鄰1號": null,
  "金門縣金城鎮": [
    24.4334063,
    118.3203939
  ],
  "宜蘭縣五結鄉24鄰五濱路二段201號": null,
  "彰化縣芳苑鄉漁港路900號": null,
  "苗栗縣公館鄉": [
    24.5118415,
    120.8252529
  ],
  "鶯歌區文化路200號": null,
  "鼓山區麗興里臨海一路17號": null,
  "忠孝東路四段218-6號2樓": null,
  "澎湖縣七美鄉55號": null,
  "中山區天津街25號": null,
  "信義區菸廠路88號B1": null,
  "金門縣金城鎮浯江街五十三號": null,
  "金門縣金寧鄉": [
    24.4359216,
    118.3274218
  ],
  "桃園市大溪區普濟路5號": null,
  "彰化縣溪湖鎮": [
    23.9677148,
    120.4798907
  ],
  "彰化縣埤頭鄉彰水路二段526號": null,
  "彰化縣彰化市中華路57號": null,
  "埔里鎮中台路8號": null,
  "彰化縣和美鎮道周路346號": null,
  "彰化縣北斗鎮": [
    23.8657157,
    120.526608
  ],
  "苗栗縣泰安鄉圓墩6鄰46-3號": null,
  "彰化縣埔心鄉": [
    23.9461674,
    120.5631639
  ],
  "苗栗縣公館鄉14鄰館南352號": null,
  "高雄市三民區": [
    22.6479455,
    120.3179527
  ],
  "台南市安平區永華路二段300號": null,
  "花蓮市花蓮市中山路71號": null,
  "中正區中山南路21-1號": null,
  "中山區民生東路三段 6 號": [
    25.0576524,
    121.537737
  ],
  "中正區中山南路21之1號": null,
  "松山區福成里敦化南路1段108號": null,
  "金門縣金城鎮環島北路一段66號": null,
  "士林區文林路751號": null,
  "高雄市前金區民生二路37號": null,
  "彰化縣彰化市卦山路3號": null,
  "新竹縣竹北市文興路一段123號": null,
  "彰化縣彰化市民族一街31號": null,
  "台北市大安區": [
    25.0257576,
    121.5266168
  ],
  "彰化縣二水鄉": [
    23.8056382,
    120.6208165
  ],
  "桃園市八德區": [
    24.9330036,
    121.2711866
  ],
  "屏東縣高樹鄉興中路328號": null,
  "新北市鶯歌區仁愛路55號": null,
  "新北市樹林區國凱街65號三樓": null,
  "西屯區文心路二段201號B2F": null,
  "高雄市鳳山區高雄市鳳山區三多一路 1 號": null,
  "彰化縣彰化市中山路2段542號": null,
  "新港鄉新中路305號": null,
  "台南市東區大學路1號": null,
  "南投縣國姓鄉": [
    24.0641938,
    120.8764949
  ],
  "新北市鶯歌區館前路300號": null,
  "台中市太平區東平路464號": null,
  "台南市中西區府前路一段203號1樓": null,
  "苗栗縣大湖鄉": [
    24.4488935,
    120.8737802
  ],
  "西門路二段120號B1": null,
  "中正區鎮江街3-1號": null,
  "大安區福住里新生南路二段30巷1-3號": null,
  "中正區幸福里鎮江街3-1號": null,
  "松山區": [
    25.0498852,
    121.5772719
  ],
  "桃園市大溪區普濟路52號": null,
  "彰化縣田中鎮": [
    23.8610984,
    120.5849047
  ],
  "台北市文山區景文街32號": null,
  "南投縣鹿谷鄉中正路二段211巷19號": null,
  "桃園市龍潭區高原路768號": null,
  "彰化縣彰化市中正路1段242號4樓": null,
  "彰化縣鹿港鎮民權路160巷2號": null,
  "新北市汐止區": [
    25.0607439,
    121.6485938
  ],
  "台中市沙鹿區鎮南路二段 488號": [
    24.2334376,
    120.5641045
  ],
  "桃園市大溪區": [
    24.8876936,
    121.2703607
  ],
  "苗栗縣苗栗市縣府路100號": null,
  "新北市板橋區貴興路139號": null,
  "桃園市平鎮區": [
    24.903875,
    121.212234
  ],
  "南投縣集集鎮": [
    23.8274146,
    120.7846131
  ],
  "中正區南海路49號": null,
  "高雄市左營區": [
    22.6712856,
    120.2862909
  ],
  "桃園市龜山區復興一路8號3樓": null,
  "屏東縣潮州鎮延平路30號": null,
  "台北市大同區民族西路141號": null,
  "台北市中正區重慶南路2段45號": null,
  "彰化縣芬園鄉彰南路4段25號": null,
  "彰化縣員林市三民街2之1號": null,
  "新北市土城區中正路18號7樓": null,
  "新北市新莊區中華路一段2號5-6樓": null,
  "新北市蘆洲區長安街96號3樓": null,
  "南投縣竹山鎮公所路120號": null,
  "苗栗縣苑裡鎮信義路1-1號": null,
  "新北市新莊區中港路350號1、5-8樓": null,
  "新北市雙溪區太平路50號3樓": null,
  "苗栗縣後龍鎮中山路142-1 號": null,
  "苗栗縣通霄鎮": [
    24.5699445,
    120.7129811
  ],
  "士林區雨農路17-2號1樓": null,
  "大同區環河北路一段111號1樓": null,
  "鹽埕區大仁路146號": null,
  "花蓮縣花蓮市": [
    23.9953651,
    121.6028516
  ],
  "苗栗縣三義鄉新生路9-21號": null,
  "台中市中區中山路108號": null,
  "台中市西區英才路600號": null,
  "南投縣名間鄉": [
    23.8558945,
    120.6292315
  ],
  "彰化縣員林市員林大道2段99號": null,
  "台北市信義區": [
    25.0335235,
    121.5649299
  ],
  "松山區復興南路一段39號9樓": null,
  "台北市中正區南海路41號": null,
  "桃園市大溪區普濟路48號": null,
  "高雄市苓雅區": [
    22.621102,
    120.3210449
  ],
  "桃園市大溪區9鄰月眉34號": null,
  "桃園市大溪區中山路48號": null,
  "桃園市大溪區普濟路13巷11、13、15號": null,
  "桃園市大溪區普濟路17、19、21、23號": null,
  "苗栗縣卓蘭鎮": [
    24.3100269,
    120.8213944
  ],
  "苗栗縣公館鄉館中村8鄰宮前路6-1號": null,
  "屏東縣東港鎮船頭路9號": null,
  "台南市新市區南科三路10號": null,
  "桃園市大溪區中正路68號": null,
  "新竹縣五峰鄉16鄰清泉227號": null,
  "新竹縣五峰鄉清泉部落": null,
  "台南市東區林森路二段46號": null,
  "澎湖縣馬公市": [
    23.5686671,
    119.5840566
  ],
  "桃園市龜山區": [
    25.0310895,
    121.3847738
  ],
  "彰化縣二林鎮": [
    23.9532777,
    120.4356717
  ],
  "澎湖縣馬公市29號": null,
  "高雄市左營區龜山巷157-2號": null,
  "屏東縣內埔鄉信義路588號": null,
  "雲林縣虎尾鎮林森路一段498號": null,
  "台中市北區精武路291之3號": null,
  "桃園市楊梅區": [
    24.9129088,
    121.1445738
  ],
  "台中市梧棲區雲集街72號": null,
  "桃園市龍潭區": [
    24.8311059,
    121.1914849
  ],
  "新北市板橋區西門街9號": null,
  "台北市大安區青田街八巷三號": null,
  "澎湖縣馬公市臨海路40號": null,
  "澎湖縣馬公市中山路75號": null,
  "台北市大同區迪化街1段21號": null,
  "台南市麻豆區總爺5號": null,
  "新北市八里區博物館路200號": null,
  "新北市土城區": [
    24.9644555,
    121.4363582
  ],
  "桃園市龍潭區中興路680號": null,
  "彰化縣伸港鄉": [
    24.1452312,
    120.4871685
  ],
  "屏東縣全區域": null,
  "彰化縣彰化市中山路三段266-1號": null
}