{
  "台中市北區館前路1號": null,
  "台北市platform A 網站": null,
  "台中市西區五權西路一段2號": null,
  "新營區中正路23號": null,
  "西區台灣大道二段307號15樓": null,
  "桃園市桃園區": [
    25.0069197,
    121.2883872
  ],
  "台南市安南區長和路一段250號": null,
  "線上活動": [
    25.0014372,
    121.4545246
  ],
  "台東市卑南鄉溫泉村36鄰樂山139號": null,
  "中西區民生路一段157巷41之2號 2F": null,
  "屏東縣瑪家鄉風景104號": null,
  "高雄市鳳山區": [
    22.6157128,
    120.3588686
  ],
  "新北市板橋區文化路一段266號12樓之1": null,
  "彰化縣鹿港鎮復興路485號": null,
  "台南市東區中華東路三段332號": null,
  "南投縣水里鄉": [
    23.8069864,
    120.8544302
  ],
  "澎湖縣馬公市中華路230號": null,
  "新北市五股區五權路1號": null,
  "台中市清水區忠貞路21號": null,
  "南投縣信義鄉": [
    23.6152581,
    120.8847306
  ],
  "彰化縣員林市": [
    23.9494131,
    120.5770411
  ],
  "苗栗縣頭份市": [
    24.6920905,
    120.8927204
  ],
  "無無.": [
    24.9996394,
    121.5611867
  ],
  "台北市": [
    25.0375198,
    121.5636796
  ],
  "台中市中區": [
    24.1383518,
    120.6841817
  ],
  "彰化縣彰化市中山路2段500號": null,
  "台中市北區天祥街19號": null,
  "台中市北屯區興安路一段162號": null,
  "高雄市甲仙區": [
    23.0763662,
    120.5816952
  ],
  "新北市金山區西勢湖2號": null,
  "台北市松山區八德路四段72巷16弄1號": null,
  "南投縣魚池鄉": [
    23.8720772,
    120.9170475
  ],
  "彰化縣埔心鄉員鹿路2段332號": null,
  "文山區指南里萬壽路115號": null,
  "彰化縣彰化市陳稜路126號": null,
  "高雄市鹽埕區17鄰真愛路1號": null,
  "台北市松山區市民大道五段99號3樓": null,
  "板橋區": [
    25.0096703,
    121.4590989
  ],
  "大安區和平東路二段134號": null,
  "彰化縣花壇鄉": [
    24.0210152,
    120.5445459
  ],
  "中正區同安街107號": null,
  "台北市大同區保安里大龍街275號": null,
  "高雄市鼓山區馬卡道路329號": null,
  "台南市東區勝利路85號": null,
  "彰化縣鹿港鎮鹿工南四路30號": null,
  "鳳山區三多一路1號": null,
  "潮州街15號（近捷運古亭站）": null,
  "彰化縣鹿港鎮館前街88號": null,
  "桃園市新屋區": [
    24.9716551,
    121.1079101
  ],
  "新竹市東區": [
    24.7846818,
    121.0020084
  ],
  "內湖區瑞光路548巷15號5樓": null,
  "大安區大學里新生南路三段56巷7號2樓": null,
  "花蓮縣壽豐鄉市場1號": null,
  "苗栗縣南庄鄉苗栗縣南庄鄉東河村16鄰向天湖25號": null,
  "香山區中華路五段413巷1號": null,
  "高雄市大樹區": [
    22.6591779,
    120.4252182
  ],
  "蘆洲區三民路178號": null,
  "國家人權博物館白色恐怖綠島園區（台東縣綠島鄉公館村將軍岩20號）": null,
  "信義區市府路1號2樓": null,
  "松山區八德路四段439號": null,
  "宜蘭縣羅東鎮14鄰純精路一段88號": null,
  "宜蘭縣宜蘭市中山路二段426號": null,
  "高雄市鼓山區": [
    22.6619937,
    120.2990513
  ],
  "南投縣埔里鎮": [
    23.9741011,
    120.9799116
  ],
  "350苗栗縣竹南鎮公園路206號": null
}